{"ratio": [], "shift": [["is linked to,CATEGORY", 0], ["is linked to,PRODUCT", 0], ["is a,TYPE", 0], ["is a,PRODUCT", 0], ["made,BRAND", 0], ["made,PRODUCT", 0]], "colors": [["annotation_color", "#542788"], ["annotation_text_color", "#f7f7f7"], ["association_attribute_text_color", "#000000"], ["association_cartouche_color", "#b2abd2"], ["association_cartouche_text_color", "#000000"], ["association_color", "#d8daeb"], ["association_stroke_color", "#8073ac"], ["background_color", "#f7f7f7"], ["card_text_color", "#b35806"], ["entity_attribute_text_color", "#000000"], ["entity_cartouche_color", "#fdb863"], ["entity_cartouche_text_color", "#000000"], ["entity_color", "#fee0b6"], ["entity_stroke_color", "#e08214"], ["leg_stroke_color", "#8073ac"], ["transparent_color", "none"]], "cy": [["is linked to", 77], ["PRODUCT", 77], ["is a", 77], ["CATEGORY", 212], ["made", 212], ["TYPE", 212], ["BRAND", 313]], "cx": [["is linked to", 60], ["PRODUCT", 181], ["is a", 280], ["CATEGORY", 60], ["made", 181], ["TYPE", 280], ["BRAND", 181]], "size": [331, 356]}